2023 National Employment Matrix title,2023 National Employment Matrix code,Typical education needed for entry,Work experience in a related occupation
Chief executives,11-1011,Bachelor's degree,5 years or more
General and operations managers,11-1021,Bachelor's degree,5 years or more
Legislators,11-1031,Bachelor's degree,Less than 5 years
Advertising and promotions managers,11-2011,Bachelor's degree,Less than 5 years
Marketing managers,11-2021,Bachelor's degree,5 years or more
Sales managers,11-2022,Bachelor's degree,Less than 5 years
Public relations managers,11-2032,Bachelor's degree,5 years or more
Fundraising managers,11-2033,Bachelor's degree,5 years or more
Administrative services managers,11-3012,Bachelor's degree,Less than 5 years
Facilities managers,11-3013,Bachelor's degree,Less than 5 years
Computer and information systems managers,11-3021,Bachelor's degree,5 years or more
Financial managers,11-3031,Bachelor's degree,5 years or more
Industrial production managers,11-3051,Bachelor's degree,5 years or more
Purchasing managers,11-3061,Bachelor's degree,5 years or more
"Transportation, storage, and distribution managers",11-3071,High school diploma or equivalent,5 years or more
Compensation and benefits managers,11-3111,Bachelor's degree,5 years or more
Human resources managers,11-3121,Bachelor's degree,5 years or more
Training and development managers,11-3131,Bachelor's degree,5 years or more
"Farmers, ranchers, and other agricultural managers",11-9013,High school diploma or equivalent,5 years or more
Construction managers,11-9021,Bachelor's degree,None
"Education and childcare administrators, preschool and daycare",11-9031,Bachelor's degree,Less than 5 years
"Education administrators, kindergarten through secondary",11-9032,Master's degree,5 years or more
"Education administrators, postsecondary",11-9033,Master's degree,Less than 5 years
"Education administrators, all other",11-9039,Bachelor's degree,Less than 5 years
Architectural and engineering managers,11-9041,Bachelor's degree,5 years or more
Food service managers,11-9051,High school diploma or equivalent,Less than 5 years
Gambling managers,11-9071,High school diploma or equivalent,Less than 5 years
"Entertainment and recreation managers, except gambling",11-9072,Bachelor's degree,Less than 5 years
Lodging managers,11-9081,High school diploma or equivalent,Less than 5 years
Medical and health services managers,11-9111,Bachelor's degree,Less than 5 years
Natural sciences managers,11-9121,Bachelor's degree,5 years or more
Postmasters and mail superintendents,11-9131,High school diploma or equivalent,Less than 5 years
"Property, real estate, and community association managers",11-9141,High school diploma or equivalent,Less than 5 years
Social and community service managers,11-9151,Bachelor's degree,Less than 5 years
Emergency management directors,11-9161,Bachelor's degree,5 years or more
Funeral home managers,11-9171,Associate's degree,Less than 5 years
"Personal service managers, all other",11-9179,High school diploma or equivalent,Less than 5 years
"Managers, all other",11-9199,Bachelor's degree,Less than 5 years
"Agents and business managers of artists, performers, and athletes",13-1011,Bachelor's degree,Less than 5 years
Buyers and purchasing agents,13-1020,Bachelor's degree,None
"Claims adjusters, examiners, and investigators",13-1031,High school diploma or equivalent,None
"Insurance appraisers, auto damage",13-1032,Postsecondary nondegree award,None
Compliance officers,13-1041,Bachelor's degree,None
Cost estimators,13-1051,Bachelor's degree,None
Human resources specialists,13-1071,Bachelor's degree,None
Farm labor contractors,13-1074,No formal educational credential,Less than 5 years
Labor relations specialists,13-1075,Bachelor's degree,Less than 5 years
Logisticians,13-1081,Bachelor's degree,None
Project management specialists,13-1082,Bachelor's degree,None
Management analysts,13-1111,Bachelor's degree,Less than 5 years
"Meeting, convention, and event planners",13-1121,Bachelor's degree,None
Fundraisers,13-1131,Bachelor's degree,None
"Compensation, benefits, and job analysis specialists",13-1141,Bachelor's degree,Less than 5 years
Training and development specialists,13-1151,Bachelor's degree,Less than 5 years
Market research analysts and marketing specialists,13-1161,Bachelor's degree,None
"Business operations specialists, all other",13-1199,Bachelor's degree,None
Accountants and auditors,13-2011,Bachelor's degree,None
Property appraisers and assessors,13-2020,Bachelor's degree,None
Budget analysts,13-2031,Bachelor's degree,None
Credit analysts,13-2041,Bachelor's degree,None
Financial and investment analysts,13-2051,Bachelor's degree,None
Personal financial advisors,13-2052,Bachelor's degree,None
Insurance underwriters,13-2053,Bachelor's degree,None
Financial risk specialists,13-2054,Bachelor's degree,None
Financial examiners,13-2061,Bachelor's degree,None
Credit counselors,13-2071,Bachelor's degree,None
Loan officers,13-2072,Bachelor's degree,Less than 5 years
"Tax examiners and collectors, and revenue agents",13-2081,Bachelor's degree,None
Tax preparers,13-2082,High school diploma or equivalent,None
"Financial specialists, all other",13-2099,Bachelor's degree,None
Computer systems analysts,15-1211,Bachelor's degree,None
Information security analysts,15-1212,Bachelor's degree,Less than 5 years
Computer and information research scientists,15-1221,Master's degree,None
Computer network support specialists,15-1231,Associate's degree,None
Computer user support specialists,15-1232,"Some college, no degree",None
Computer network architects,15-1241,Bachelor's degree,5 years or more
Database administrators,15-1242,Bachelor's degree,None
Database architects,15-1243,Bachelor's degree,Less than 5 years
Network and computer systems administrators,15-1244,Bachelor's degree,None
Computer programmers,15-1251,Bachelor's degree,None
Software developers,15-1252,Bachelor's degree,None
Software quality assurance analysts and testers,15-1253,Bachelor's degree,None
Web developers,15-1254,Bachelor's degree,None
Web and digital interface designers,15-1255,Bachelor's degree,None
"Computer occupations, all other",15-1299,Bachelor's degree,None
Actuaries,15-2011,Bachelor's degree,None
Mathematicians,15-2021,Master's degree,None
Operations research analysts,15-2031,Bachelor's degree,None
Statisticians,15-2041,Master's degree,None
Data scientists,15-2051,Bachelor's degree,None
"Mathematical science occupations, all other",15-2099,Bachelor's degree,None
"Architects, except landscape and naval",17-1011,Bachelor's degree,None
Landscape architects,17-1012,Bachelor's degree,None
Cartographers and photogrammetrists,17-1021,Bachelor's degree,None
Surveyors,17-1022,Bachelor's degree,None
Aerospace engineers,17-2011,Bachelor's degree,None
Agricultural engineers,17-2021,Bachelor's degree,None
Bioengineers and biomedical engineers,17-2031,Bachelor's degree,None
Chemical engineers,17-2041,Bachelor's degree,None
Civil engineers,17-2051,Bachelor's degree,None
Computer hardware engineers,17-2061,Bachelor's degree,None
Electrical engineers,17-2071,Bachelor's degree,None
"Electronics engineers, except computer",17-2072,Bachelor's degree,None
Environmental engineers,17-2081,Bachelor's degree,None
"Health and safety engineers, except mining safety engineers and inspectors",17-2111,Bachelor's degree,None
Industrial engineers,17-2112,Bachelor's degree,None
Marine engineers and naval architects,17-2121,Bachelor's degree,None
Materials engineers,17-2131,Bachelor's degree,None
Mechanical engineers,17-2141,Bachelor's degree,None
"Mining and geological engineers, including mining safety engineers",17-2151,Bachelor's degree,None
Nuclear engineers,17-2161,Bachelor's degree,None
Petroleum engineers,17-2171,Bachelor's degree,None
"Engineers, all other",17-2199,Bachelor's degree,None
Architectural and civil drafters,17-3011,Associate's degree,None
Electrical and electronics drafters,17-3012,Associate's degree,None
Mechanical drafters,17-3013,Associate's degree,None
"Drafters, all other",17-3019,Associate's degree,None
Aerospace engineering and operations technologists and technicians,17-3021,Associate's degree,None
Civil engineering technologists and technicians,17-3022,Associate's degree,None
Electrical and electronic engineering technologists and technicians,17-3023,Associate's degree,None
Electro-mechanical and mechatronics technologists and technicians,17-3024,Associate's degree,None
Environmental engineering technologists and technicians,17-3025,Associate's degree,None
Industrial engineering technologists and technicians,17-3026,Associate's degree,None
Mechanical engineering technologists and technicians,17-3027,Associate's degree,None
Calibration technologists and technicians,17-3028,Associate's degree,None
"Engineering technologists and technicians, except drafters, all other",17-3029,Associate's degree,None
Surveying and mapping technicians,17-3031,High school diploma or equivalent,None
Animal scientists,19-1011,Bachelor's degree,None
Food scientists and technologists,19-1012,Bachelor's degree,None
Soil and plant scientists,19-1013,Bachelor's degree,None
Biochemists and biophysicists,19-1021,Doctoral or professional degree,None
Microbiologists,19-1022,Bachelor's degree,None
Zoologists and wildlife biologists,19-1023,Bachelor's degree,None
"Biological scientists, all other",19-1029,Bachelor's degree,None
Conservation scientists,19-1031,Bachelor's degree,None
Foresters,19-1032,Bachelor's degree,None
Epidemiologists,19-1041,Master's degree,None
"Medical scientists, except epidemiologists",19-1042,Doctoral or professional degree,None
"Life scientists, all other",19-1099,Bachelor's degree,None
Astronomers,19-2011,Doctoral or professional degree,None
Physicists,19-2012,Doctoral or professional degree,None
Atmospheric and space scientists,19-2021,Bachelor's degree,None
Chemists,19-2031,Bachelor's degree,None
Materials scientists,19-2032,Bachelor's degree,None
"Environmental scientists and specialists, including health",19-2041,Bachelor's degree,None
"Geoscientists, except hydrologists and geographers",19-2042,Bachelor's degree,None
Hydrologists,19-2043,Bachelor's degree,None
"Physical scientists, all other",19-2099,Bachelor's degree,None
Economists,19-3011,Master's degree,None
Survey researchers,19-3022,Master's degree,None
Industrial-organizational psychologists,19-3032,Master's degree,None
Clinical and counseling psychologists,19-3033,Doctoral or professional degree,None
School psychologists,19-3034,Master's degree,None
"Psychologists, all other",19-3039,Master's degree,None
Sociologists,19-3041,Master's degree,None
Urban and regional planners,19-3051,Master's degree,None
Anthropologists and archeologists,19-3091,Master's degree,None
Geographers,19-3092,Bachelor's degree,None
Historians,19-3093,Master's degree,None
Political scientists,19-3094,Master's degree,None
"Social scientists and related workers, all other",19-3099,Bachelor's degree,None
Agricultural technicians,19-4012,Associate's degree,None
Food science technicians,19-4013,Associate's degree,None
Biological technicians,19-4021,Bachelor's degree,None
Chemical technicians,19-4031,Associate's degree,None
"Environmental science and protection technicians, including health",19-4042,Associate's degree,None
"Geological technicians, except hydrologic technicians",19-4043,Associate's degree,None
Hydrologic technicians,19-4044,Associate's degree,None
Nuclear technicians,19-4051,Associate's degree,None
Social science research assistants,19-4061,Bachelor's degree,None
Forest and conservation technicians,19-4071,Associate's degree,None
Forensic science technicians,19-4092,Bachelor's degree,None
"Life, physical, and social science technicians, all other",19-4099,Associate's degree,None
Occupational health and safety specialists,19-5011,Bachelor's degree,None
Occupational health and safety technicians,19-5012,High school diploma or equivalent,None
"Educational, guidance, and career counselors and advisors",21-1012,Master's degree,None
Marriage and family therapists,21-1013,Master's degree,None
Rehabilitation counselors,21-1015,Master's degree,None
"Substance abuse, behavioral disorder, and mental health counselors",21-1018,Master's degree,None
"Counselors, all other",21-1019,Master's degree,None
"Child, family, and school social workers",21-1021,Bachelor's degree,None
Healthcare social workers,21-1022,Master's degree,None
Mental health and substance abuse social workers,21-1023,Master's degree,None
"Social workers, all other",21-1029,Bachelor's degree,None
Health education specialists,21-1091,Bachelor's degree,None
Probation officers and correctional treatment specialists,21-1092,Bachelor's degree,None
Social and human service assistants,21-1093,High school diploma or equivalent,None
Community health workers,21-1094,High school diploma or equivalent,None
"Community and social service specialists, all other",21-1099,Bachelor's degree,None
Clergy,21-2011,Bachelor's degree,None
"Directors, religious activities and education",21-2021,Bachelor's degree,Less than 5 years
"Religious workers, all other",21-2099,Bachelor's degree,None
Lawyers,23-1011,Doctoral or professional degree,None
Judicial law clerks,23-1012,Doctoral or professional degree,None
"Administrative law judges, adjudicators, and hearing officers",23-1021,Doctoral or professional degree,5 years or more
"Arbitrators, mediators, and conciliators",23-1022,Bachelor's degree,Less than 5 years
"Judges, magistrate judges, and magistrates",23-1023,Doctoral or professional degree,5 years or more
Paralegals and legal assistants,23-2011,Associate's degree,None
"Title examiners, abstractors, and searchers",23-2093,High school diploma or equivalent,None
"Legal support workers, all other",23-2099,Associate's degree,None
"Business teachers, postsecondary",25-1011,Doctoral or professional degree,None
"Computer science teachers, postsecondary",25-1021,Doctoral or professional degree,None
"Mathematical science teachers, postsecondary",25-1022,Doctoral or professional degree,None
"Architecture teachers, postsecondary",25-1031,Doctoral or professional degree,None
"Engineering teachers, postsecondary",25-1032,Doctoral or professional degree,None
"Agricultural sciences teachers, postsecondary",25-1041,Doctoral or professional degree,None
"Biological science teachers, postsecondary",25-1042,Doctoral or professional degree,None
"Forestry and conservation science teachers, postsecondary",25-1043,Doctoral or professional degree,None
"Atmospheric, earth, marine, and space sciences teachers, postsecondary",25-1051,Doctoral or professional degree,None
"Chemistry teachers, postsecondary",25-1052,Doctoral or professional degree,None
"Environmental science teachers, postsecondary",25-1053,Doctoral or professional degree,None
"Physics teachers, postsecondary",25-1054,Doctoral or professional degree,None
"Anthropology and archeology teachers, postsecondary",25-1061,Doctoral or professional degree,None
"Area, ethnic, and cultural studies teachers, postsecondary",25-1062,Doctoral or professional degree,None
"Economics teachers, postsecondary",25-1063,Doctoral or professional degree,None
"Geography teachers, postsecondary",25-1064,Doctoral or professional degree,None
"Political science teachers, postsecondary",25-1065,Doctoral or professional degree,None
"Psychology teachers, postsecondary",25-1066,Doctoral or professional degree,None
"Sociology teachers, postsecondary",25-1067,Doctoral or professional degree,None
"Social sciences teachers, postsecondary, all other",25-1069,Doctoral or professional degree,None
"Health specialties teachers, postsecondary",25-1071,Doctoral or professional degree,Less than 5 years
"Nursing instructors and teachers, postsecondary",25-1072,Doctoral or professional degree,Less than 5 years
"Education teachers, postsecondary",25-1081,Doctoral or professional degree,Less than 5 years
"Library science teachers, postsecondary",25-1082,Doctoral or professional degree,None
"Criminal justice and law enforcement teachers, postsecondary",25-1111,Doctoral or professional degree,None
"Law teachers, postsecondary",25-1112,Doctoral or professional degree,Less than 5 years
"Social work teachers, postsecondary",25-1113,Doctoral or professional degree,None
"Art, drama, and music teachers, postsecondary",25-1121,Master's degree,None
"Communications teachers, postsecondary",25-1122,Doctoral or professional degree,None
"English language and literature teachers, postsecondary",25-1123,Doctoral or professional degree,None
"Foreign language and literature teachers, postsecondary",25-1124,Doctoral or professional degree,None
"History teachers, postsecondary",25-1125,Doctoral or professional degree,None
"Philosophy and religion teachers, postsecondary",25-1126,Doctoral or professional degree,None
"Family and consumer sciences teachers, postsecondary",25-1192,Doctoral or professional degree,None
"Recreation and fitness studies teachers, postsecondary",25-1193,Doctoral or professional degree,None
"Career/technical education teachers, postsecondary",25-1194,Bachelor's degree,Less than 5 years
"Postsecondary teachers, all other",25-1199,Doctoral or professional degree,None
"Preschool teachers, except special education",25-2011,Associate's degree,None
"Kindergarten teachers, except special education",25-2012,Bachelor's degree,None
"Elementary school teachers, except special education",25-2021,Bachelor's degree,None
"Middle school teachers, except special and career/technical education",25-2022,Bachelor's degree,None
"Career/technical education teachers, middle school",25-2023,Bachelor's degree,Less than 5 years
"Secondary school teachers, except special and career/technical education",25-2031,Bachelor's degree,None
"Career/technical education teachers, secondary school",25-2032,Bachelor's degree,Less than 5 years
"Special education teachers, preschool",25-2051,Bachelor's degree,None
"Special education teachers, kindergarten and elementary school",25-2052,Bachelor's degree,None
"Special education teachers, middle school",25-2057,Bachelor's degree,None
"Special education teachers, secondary school",25-2058,Bachelor's degree,None
"Special education teachers, all other",25-2059,Bachelor's degree,None
"Adult basic education, adult secondary education, and english as a second language instructors",25-3011,Bachelor's degree,None
Self-enrichment teachers,25-3021,High school diploma or equivalent,Less than 5 years
"Substitute teachers, short-term",25-3031,Bachelor's degree,None
Tutors,25-3041,"Some college, no degree",None
"Teachers and instructors, all other",25-3099,Bachelor's degree,None
Archivists,25-4011,Master's degree,None
Curators,25-4012,Master's degree,None
Museum technicians and conservators,25-4013,Bachelor's degree,None
Librarians and media collections specialists,25-4022,Master's degree,None
Library technicians,25-4031,Postsecondary nondegree award,None
Farm and home management educators,25-9021,Master's degree,None
Instructional coordinators,25-9031,Master's degree,5 years or more
"Teaching assistants, postsecondary",25-9044,Bachelor's degree,None
"Teaching assistants, except postsecondary",25-9045,"Some college, no degree",None
"Educational instruction and library workers, all other",25-9099,Bachelor's degree,None
Art directors,27-1011,Bachelor's degree,5 years or more
Craft artists,27-1012,No formal educational credential,None
"Fine artists, including painters, sculptors, and illustrators",27-1013,Bachelor's degree,None
Special effects artists and animators,27-1014,Bachelor's degree,None
"Artists and related workers, all other",27-1019,No formal educational credential,None
Commercial and industrial designers,27-1021,Bachelor's degree,None
Fashion designers,27-1022,Bachelor's degree,None
Floral designers,27-1023,High school diploma or equivalent,None
Graphic designers,27-1024,Bachelor's degree,None
Interior designers,27-1025,Bachelor's degree,None
Merchandise displayers and window trimmers,27-1026,High school diploma or equivalent,None
Set and exhibit designers,27-1027,Bachelor's degree,None
"Designers, all other",27-1029,Bachelor's degree,None
Actors,27-2011,"Some college, no degree",None
Producers and directors,27-2012,Bachelor's degree,Less than 5 years
Athletes and sports competitors,27-2021,No formal educational credential,None
Coaches and scouts,27-2022,Bachelor's degree,None
"Umpires, referees, and other sports officials",27-2023,High school diploma or equivalent,None
Dancers,27-2031,No formal educational credential,None
Choreographers,27-2032,High school diploma or equivalent,5 years or more
Music directors and composers,27-2041,Bachelor's degree,Less than 5 years
Musicians and singers,27-2042,No formal educational credential,None
"Disc jockeys, except radio",27-2091,High school diploma or equivalent,None
"Entertainers and performers, sports and related workers, all other",27-2099,No formal educational credential,None
Broadcast announcers and radio disc jockeys,27-3011,Bachelor's degree,None
"News analysts, reporters, and journalists",27-3023,Bachelor's degree,None
Public relations specialists,27-3031,Bachelor's degree,None
Editors,27-3041,Bachelor's degree,Less than 5 years
Technical writers,27-3042,Bachelor's degree,Less than 5 years
Writers and authors,27-3043,Bachelor's degree,None
Interpreters and translators,27-3091,Bachelor's degree,None
Court reporters and simultaneous captioners,27-3092,Postsecondary nondegree award,None
"Media and communication workers, all other",27-3099,High school diploma or equivalent,None
Audio and video technicians,27-4011,Postsecondary nondegree award,None
Broadcast technicians,27-4012,Associate's degree,None
Sound engineering technicians,27-4014,Postsecondary nondegree award,None
Lighting technicians,27-4015,Postsecondary nondegree award,None
Photographers,27-4021,High school diploma or equivalent,None
"Camera operators, television, video, and film",27-4031,Bachelor's degree,None
Film and video editors,27-4032,Bachelor's degree,None
"Media and communication equipment workers, all other",27-4099,High school diploma or equivalent,None
Chiropractors,29-1011,Doctoral or professional degree,None
"Dentists, general",29-1021,Doctoral or professional degree,None
Oral and maxillofacial surgeons,29-1022,Doctoral or professional degree,None
Orthodontists,29-1023,Doctoral or professional degree,None
Prosthodontists,29-1024,Doctoral or professional degree,None
"Dentists, all other specialists",29-1029,Doctoral or professional degree,None
Dietitians and nutritionists,29-1031,Bachelor's degree,None
Optometrists,29-1041,Doctoral or professional degree,None
Pharmacists,29-1051,Doctoral or professional degree,None
Physician assistants,29-1071,Master's degree,None
Podiatrists,29-1081,Doctoral or professional degree,None
Occupational therapists,29-1122,Master's degree,None
Physical therapists,29-1123,Doctoral or professional degree,None
Radiation therapists,29-1124,Associate's degree,None
Recreational therapists,29-1125,Bachelor's degree,None
Respiratory therapists,29-1126,Associate's degree,None
Speech-language pathologists,29-1127,Master's degree,None
Exercise physiologists,29-1128,Bachelor's degree,None
"Therapists, all other",29-1129,Bachelor's degree,None
Veterinarians,29-1131,Doctoral or professional degree,None
Registered nurses,29-1141,Bachelor's degree,None
Nurse anesthetists,29-1151,Master's degree,None
Nurse midwives,29-1161,Master's degree,None
Nurse practitioners,29-1171,Master's degree,None
Audiologists,29-1181,Doctoral or professional degree,None
Anesthesiologists,29-1211,Doctoral or professional degree,None
Cardiologists,29-1212,Doctoral or professional degree,None
Dermatologists,29-1213,Doctoral or professional degree,None
Emergency medicine physicians,29-1214,Doctoral or professional degree,None
Family medicine physicians,29-1215,Doctoral or professional degree,None
General internal medicine physicians,29-1216,Doctoral or professional degree,None
Neurologists,29-1217,Doctoral or professional degree,None
Obstetricians and gynecologists,29-1218,Doctoral or professional degree,None
"Pediatricians, general",29-1221,Doctoral or professional degree,None
"Physicians, pathologists",29-1222,Doctoral or professional degree,None
Psychiatrists,29-1223,Doctoral or professional degree,None
Radiologists,29-1224,Doctoral or professional degree,None
"Physicians, all other",29-1229,Doctoral or professional degree,None
"Ophthalmologists, except pediatric",29-1241,Doctoral or professional degree,None
"Orthopedic surgeons, except pediatric",29-1242,Doctoral or professional degree,None
Pediatric surgeons,29-1243,Doctoral or professional degree,None
"Surgeons, all other",29-1249,Doctoral or professional degree,None
Acupuncturists,29-1291,Master's degree,None
Dental hygienists,29-1292,Associate's degree,None
"Healthcare diagnosing or treating practitioners, all other",29-1299,Master's degree,None
Clinical laboratory technologists and technicians,29-2010,Bachelor's degree,None
Cardiovascular technologists and technicians,29-2031,Associate's degree,None
Diagnostic medical sonographers,29-2032,Associate's degree,None
Nuclear medicine technologists,29-2033,Associate's degree,None
Radiologic technologists and technicians,29-2034,Associate's degree,None
Magnetic resonance imaging technologists,29-2035,Associate's degree,Less than 5 years
Medical dosimetrists,29-2036,Bachelor's degree,None
Emergency medical technicians,29-2042,Postsecondary nondegree award,None
Paramedics,29-2043,Postsecondary nondegree award,Less than 5 years
Dietetic technicians,29-2051,Associate's degree,None
Pharmacy technicians,29-2052,High school diploma or equivalent,None
Psychiatric technicians,29-2053,Postsecondary nondegree award,Less than 5 years
Surgical technologists,29-2055,Postsecondary nondegree award,None
Veterinary technologists and technicians,29-2056,Associate's degree,None
Ophthalmic medical technicians,29-2057,Postsecondary nondegree award,None
Licensed practical and licensed vocational nurses,29-2061,Postsecondary nondegree award,None
Medical records specialists,29-2072,Postsecondary nondegree award,None
"Opticians, dispensing",29-2081,High school diploma or equivalent,None
Orthotists and prosthetists,29-2091,Master's degree,None
Hearing aid specialists,29-2092,High school diploma or equivalent,None
"Health technologists and technicians, all other",29-2099,Postsecondary nondegree award,None
Health information technologists and medical registrars,29-9021,Associate's degree,None
Athletic trainers,29-9091,Master's degree,None
Genetic counselors,29-9092,Master's degree,None
Surgical assistants,29-9093,Postsecondary nondegree award,None
"Healthcare practitioners and technical workers, all other",29-9099,Postsecondary nondegree award,None
Home health and personal care aides,31-1120,High school diploma or equivalent,None
Nursing assistants,31-1131,Postsecondary nondegree award,None
Orderlies,31-1132,High school diploma or equivalent,None
Psychiatric aides,31-1133,High school diploma or equivalent,None
Occupational therapy assistants,31-2011,Associate's degree,None
Occupational therapy aides,31-2012,High school diploma or equivalent,None
Physical therapist assistants,31-2021,Associate's degree,None
Physical therapist aides,31-2022,High school diploma or equivalent,None
Massage therapists,31-9011,Postsecondary nondegree award,None
Dental assistants,31-9091,Postsecondary nondegree award,None
Medical assistants,31-9092,Postsecondary nondegree award,None
Medical equipment preparers,31-9093,High school diploma or equivalent,None
Medical transcriptionists,31-9094,Postsecondary nondegree award,None
Pharmacy aides,31-9095,High school diploma or equivalent,None
Veterinary assistants and laboratory animal caretakers,31-9096,High school diploma or equivalent,None
Phlebotomists,31-9097,Postsecondary nondegree award,None
"Healthcare support workers, all other",31-9099,High school diploma or equivalent,None
First-line supervisors of correctional officers,33-1011,High school diploma or equivalent,Less than 5 years
First-line supervisors of police and detectives,33-1012,High school diploma or equivalent,Less than 5 years
First-line supervisors of firefighting and prevention workers,33-1021,Postsecondary nondegree award,Less than 5 years
First-line supervisors of security workers,33-1091,High school diploma or equivalent,Less than 5 years
"First-line supervisors of protective service workers, all other",33-1099,High school diploma or equivalent,Less than 5 years
Firefighters,33-2011,Postsecondary nondegree award,None
Fire inspectors and investigators,33-2021,Postsecondary nondegree award,5 years or more
Forest fire inspectors and prevention specialists,33-2022,High school diploma or equivalent,Less than 5 years
Bailiffs,33-3011,High school diploma or equivalent,None
Correctional officers and jailers,33-3012,High school diploma or equivalent,None
Detectives and criminal investigators,33-3021,High school diploma or equivalent,Less than 5 years
Fish and game wardens,33-3031,Bachelor's degree,None
Parking enforcement workers,33-3041,High school diploma or equivalent,None
Police and sheriff's patrol officers,33-3051,High school diploma or equivalent,None
Transit and railroad police,33-3052,High school diploma or equivalent,None
Animal control workers,33-9011,High school diploma or equivalent,None
Private detectives and investigators,33-9021,High school diploma or equivalent,Less than 5 years
Gambling surveillance officers and gambling investigators,33-9031,High school diploma or equivalent,Less than 5 years
Security guards,33-9032,High school diploma or equivalent,None
Crossing guards and flaggers,33-9091,No formal educational credential,None
"Lifeguards, ski patrol, and other recreational protective service workers",33-9092,No formal educational credential,None
Transportation security screeners,33-9093,High school diploma or equivalent,None
School bus monitors,33-9094,High school diploma or equivalent,None
"Protective service workers, all other",33-9099,High school diploma or equivalent,None
Chefs and head cooks,35-1011,High school diploma or equivalent,5 years or more
First-line supervisors of food preparation and serving workers,35-1012,High school diploma or equivalent,Less than 5 years
"Cooks, fast food",35-2011,No formal educational credential,None
"Cooks, institution and cafeteria",35-2012,No formal educational credential,None
"Cooks, private household",35-2013,Postsecondary nondegree award,Less than 5 years
"Cooks, restaurant",35-2014,No formal educational credential,Less than 5 years
"Cooks, short order",35-2015,No formal educational credential,None
"Cooks, all other",35-2019,No formal educational credential,None
Food preparation workers,35-2021,No formal educational credential,None
Bartenders,35-3011,No formal educational credential,None
Fast food and counter workers,35-3023,No formal educational credential,None
Waiters and waitresses,35-3031,No formal educational credential,None
"Food servers, nonrestaurant",35-3041,No formal educational credential,None
Dining room and cafeteria attendants and bartender helpers,35-9011,No formal educational credential,None
Dishwashers,35-9021,No formal educational credential,None
"Hosts and hostesses, restaurant, lounge, and coffee shop",35-9031,No formal educational credential,None
"Food preparation and serving related workers, all other",35-9099,No formal educational credential,None
First-line supervisors of housekeeping and janitorial workers,37-1011,High school diploma or equivalent,Less than 5 years
"First-line supervisors of landscaping, lawn service, and groundskeeping workers",37-1012,High school diploma or equivalent,Less than 5 years
"Janitors and cleaners, except maids and housekeeping cleaners",37-2011,No formal educational credential,None
Maids and housekeeping cleaners,37-2012,No formal educational credential,None
"Building cleaning workers, all other",37-2019,No formal educational credential,None
Pest control workers,37-2021,High school diploma or equivalent,None
Landscaping and groundskeeping workers,37-3011,No formal educational credential,None
"Pesticide handlers, sprayers, and applicators, vegetation",37-3012,High school diploma or equivalent,None
Tree trimmers and pruners,37-3013,High school diploma or equivalent,None
"Grounds maintenance workers, all other",37-3019,No formal educational credential,None
First-line supervisors of gambling services workers,39-1013,High school diploma or equivalent,Less than 5 years
"First-line supervisors of entertainment and recreation workers, except gambling services",39-1014,High school diploma or equivalent,Less than 5 years
First-line supervisors of personal service workers,39-1022,High school diploma or equivalent,Less than 5 years
Animal trainers,39-2011,High school diploma or equivalent,None
Animal caretakers,39-2021,High school diploma or equivalent,None
Gambling dealers,39-3011,High school diploma or equivalent,None
Gambling and sports book writers and runners,39-3012,High school diploma or equivalent,None
"Gambling service workers, all other",39-3019,High school diploma or equivalent,None
Motion picture projectionists,39-3021,No formal educational credential,None
"Ushers, lobby attendants, and ticket takers",39-3031,No formal educational credential,None
Amusement and recreation attendants,39-3091,No formal educational credential,None
Costume attendants,39-3092,High school diploma or equivalent,None
"Locker room, coatroom, and dressing room attendants",39-3093,High school diploma or equivalent,None
"Entertainment attendants and related workers, all other",39-3099,High school diploma or equivalent,None
Embalmers,39-4011,Associate's degree,None
Crematory operators,39-4012,High school diploma or equivalent,None
Funeral attendants,39-4021,High school diploma or equivalent,None
"Morticians, undertakers, and funeral arrangers",39-4031,Associate's degree,None
Barbers,39-5011,Postsecondary nondegree award,None
"Hairdressers, hairstylists, and cosmetologists",39-5012,Postsecondary nondegree award,None
"Makeup artists, theatrical and performance",39-5091,Postsecondary nondegree award,None
Manicurists and pedicurists,39-5092,Postsecondary nondegree award,None
Shampooers,39-5093,No formal educational credential,None
Skincare specialists,39-5094,Postsecondary nondegree award,None
Baggage porters and bellhops,39-6011,High school diploma or equivalent,None
Concierges,39-6012,High school diploma or equivalent,None
Tour and travel guides,39-7010,High school diploma or equivalent,None
Childcare workers,39-9011,High school diploma or equivalent,None
Exercise trainers and group fitness instructors,39-9031,High school diploma or equivalent,None
Recreation workers,39-9032,High school diploma or equivalent,None
Residential advisors,39-9041,High school diploma or equivalent,None
"Personal care and service workers, all other",39-9099,High school diploma or equivalent,None
First-line supervisors of retail sales workers,41-1011,High school diploma or equivalent,Less than 5 years
First-line supervisors of non-retail sales workers,41-1012,High school diploma or equivalent,Less than 5 years
Cashiers,41-2011,No formal educational credential,None
Gambling change persons and booth cashiers,41-2012,No formal educational credential,None
Counter and rental clerks,41-2021,No formal educational credential,None
Parts salespersons,41-2022,No formal educational credential,None
Retail salespersons,41-2031,No formal educational credential,None
Advertising sales agents,41-3011,High school diploma or equivalent,None
Insurance sales agents,41-3021,High school diploma or equivalent,None
"Securities, commodities, and financial services sales agents",41-3031,Bachelor's degree,None
Travel agents,41-3041,High school diploma or equivalent,None
"Sales representatives of services, except advertising, insurance, financial services, and travel",41-3091,High school diploma or equivalent,None
"Sales representatives, wholesale and manufacturing, technical and scientific products",41-4011,Bachelor's degree,None
"Sales representatives, wholesale and manufacturing, except technical and scientific products",41-4012,High school diploma or equivalent,None
Demonstrators and product promoters,41-9011,No formal educational credential,None
Models,41-9012,No formal educational credential,None
Real estate brokers,41-9021,High school diploma or equivalent,Less than 5 years
Real estate sales agents,41-9022,High school diploma or equivalent,None
Sales engineers,41-9031,Bachelor's degree,None
Telemarketers,41-9041,No formal educational credential,None
"Door-to-door sales workers, news and street vendors, and related workers",41-9091,No formal educational credential,None
"Sales and related workers, all other",41-9099,High school diploma or equivalent,None
First-line supervisors of office and administrative support workers,43-1011,High school diploma or equivalent,Less than 5 years
"Switchboard operators, including answering service",43-2011,High school diploma or equivalent,None
Telephone operators,43-2021,High school diploma or equivalent,None
"Communications equipment operators, all other",43-2099,High school diploma or equivalent,None
Bill and account collectors,43-3011,High school diploma or equivalent,None
Billing and posting clerks,43-3021,High school diploma or equivalent,None
"Bookkeeping, accounting, and auditing clerks",43-3031,"Some college, no degree",None
Gambling cage workers,43-3041,High school diploma or equivalent,None
Payroll and timekeeping clerks,43-3051,High school diploma or equivalent,None
Procurement clerks,43-3061,High school diploma or equivalent,None
Tellers,43-3071,High school diploma or equivalent,None
"Financial clerks, all other",43-3099,High school diploma or equivalent,None
Brokerage clerks,43-4011,High school diploma or equivalent,None
Correspondence clerks,43-4021,High school diploma or equivalent,None
"Court, municipal, and license clerks",43-4031,High school diploma or equivalent,None
"Credit authorizers, checkers, and clerks",43-4041,High school diploma or equivalent,None
Customer service representatives,43-4051,High school diploma or equivalent,None
"Eligibility interviewers, government programs",43-4061,High school diploma or equivalent,None
File clerks,43-4071,High school diploma or equivalent,None
"Hotel, motel, and resort desk clerks",43-4081,High school diploma or equivalent,None
"Interviewers, except eligibility and loan",43-4111,High school diploma or equivalent,None
"Library assistants, clerical",43-4121,High school diploma or equivalent,None
Loan interviewers and clerks,43-4131,High school diploma or equivalent,None
New accounts clerks,43-4141,High school diploma or equivalent,None
Order clerks,43-4151,"Some college, no degree",None
"Human resources assistants, except payroll and timekeeping",43-4161,Associate's degree,None
Receptionists and information clerks,43-4171,High school diploma or equivalent,None
Reservation and transportation ticket agents and travel clerks,43-4181,High school diploma or equivalent,None
"Information and record clerks, all other",43-4199,High school diploma or equivalent,None
Cargo and freight agents,43-5011,High school diploma or equivalent,None
Couriers and messengers,43-5021,High school diploma or equivalent,None
Public safety telecommunicators,43-5031,High school diploma or equivalent,None
"Dispatchers, except police, fire, and ambulance",43-5032,High school diploma or equivalent,None
"Meter readers, utilities",43-5041,High school diploma or equivalent,None
Postal service clerks,43-5051,No formal educational credential,None
Postal service mail carriers,43-5052,No formal educational credential,None
"Postal service mail sorters, processors, and processing machine operators",43-5053,No formal educational credential,None
"Production, planning, and expediting clerks",43-5061,High school diploma or equivalent,None
"Shipping, receiving, and inventory clerks",43-5071,High school diploma or equivalent,None
"Weighers, measurers, checkers, and samplers, recordkeeping",43-5111,High school diploma or equivalent,None
Executive secretaries and executive administrative assistants,43-6011,High school diploma or equivalent,Less than 5 years
Legal secretaries and administrative assistants,43-6012,High school diploma or equivalent,None
Medical secretaries and administrative assistants,43-6013,High school diploma or equivalent,None
"Secretaries and administrative assistants, except legal, medical, and executive",43-6014,High school diploma or equivalent,None
Data entry keyers,43-9021,High school diploma or equivalent,None
Word processors and typists,43-9022,High school diploma or equivalent,None
Desktop publishers,43-9031,Associate's degree,None
Insurance claims and policy processing clerks,43-9041,High school diploma or equivalent,None
"Mail clerks and mail machine operators, except postal service",43-9051,High school diploma or equivalent,None
"Office clerks, general",43-9061,High school diploma or equivalent,None
"Office machine operators, except computer",43-9071,High school diploma or equivalent,None
Proofreaders and copy markers,43-9081,Bachelor's degree,None
Statistical assistants,43-9111,Bachelor's degree,None
"Office and administrative support workers, all other",43-9199,High school diploma or equivalent,None
"First-line supervisors of farming, fishing, and forestry workers",45-1011,High school diploma or equivalent,Less than 5 years
Agricultural inspectors,45-2011,Bachelor's degree,None
Animal breeders,45-2021,High school diploma or equivalent,None
"Graders and sorters, agricultural products",45-2041,No formal educational credential,None
Agricultural equipment operators,45-2091,No formal educational credential,None
"Farmworkers and laborers, crop, nursery, and greenhouse",45-2092,No formal educational credential,None
"Farmworkers, farm, ranch, and aquacultural animals",45-2093,No formal educational credential,None
"Agricultural workers, all other",45-2099,No formal educational credential,None
Fishing and hunting workers,45-3031,No formal educational credential,None
Forest and conservation workers,45-4011,High school diploma or equivalent,None
Fallers,45-4021,High school diploma or equivalent,None
Logging equipment operators,45-4022,High school diploma or equivalent,None
Log graders and scalers,45-4023,High school diploma or equivalent,None
"Logging workers, all other",45-4029,High school diploma or equivalent,None
First-line supervisors of construction trades and extraction workers,47-1011,High school diploma or equivalent,5 years or more
Boilermakers,47-2011,High school diploma or equivalent,None
Brickmasons and blockmasons,47-2021,High school diploma or equivalent,None
Stonemasons,47-2022,High school diploma or equivalent,None
Carpenters,47-2031,High school diploma or equivalent,None
Carpet installers,47-2041,No formal educational credential,None
"Floor layers, except carpet, wood, and hard tiles",47-2042,No formal educational credential,None
Floor sanders and finishers,47-2043,No formal educational credential,None
Tile and stone setters,47-2044,No formal educational credential,None
Cement masons and concrete finishers,47-2051,No formal educational credential,None
Terrazzo workers and finishers,47-2053,High school diploma or equivalent,None
Construction laborers,47-2061,No formal educational credential,None
"Paving, surfacing, and tamping equipment operators",47-2071,High school diploma or equivalent,None
Pile driver operators,47-2072,High school diploma or equivalent,None
Operating engineers and other construction equipment operators,47-2073,High school diploma or equivalent,None
Drywall and ceiling tile installers,47-2081,No formal educational credential,None
Tapers,47-2082,No formal educational credential,None
Electricians,47-2111,High school diploma or equivalent,None
Glaziers,47-2121,High school diploma or equivalent,None
"Insulation workers, floor, ceiling, and wall",47-2131,No formal educational credential,None
"Insulation workers, mechanical",47-2132,High school diploma or equivalent,None
"Painters, construction and maintenance",47-2141,No formal educational credential,None
Paperhangers,47-2142,No formal educational credential,None
Pipelayers,47-2151,No formal educational credential,None
"Plumbers, pipefitters, and steamfitters",47-2152,High school diploma or equivalent,None
Plasterers and stucco masons,47-2161,No formal educational credential,None
Reinforcing iron and rebar workers,47-2171,High school diploma or equivalent,None
Roofers,47-2181,No formal educational credential,None
Sheet metal workers,47-2211,High school diploma or equivalent,None
Structural iron and steel workers,47-2221,High school diploma or equivalent,None
Solar photovoltaic installers,47-2231,High school diploma or equivalent,None
"Helpers--brickmasons, blockmasons, stonemasons, and tile and marble setters",47-3011,No formal educational credential,None
Helpers--carpenters,47-3012,No formal educational credential,None
Helpers--electricians,47-3013,High school diploma or equivalent,None
"Helpers--painters, paperhangers, plasterers, and stucco masons",47-3014,No formal educational credential,None
"Helpers--pipelayers, plumbers, pipefitters, and steamfitters",47-3015,High school diploma or equivalent,None
Helpers--roofers,47-3016,No formal educational credential,None
"Helpers, construction trades, all other",47-3019,No formal educational credential,None
Construction and building inspectors,47-4011,High school diploma or equivalent,5 years or more
Elevator and escalator installers and repairers,47-4021,High school diploma or equivalent,None
Fence erectors,47-4031,No formal educational credential,None
Hazardous materials removal workers,47-4041,High school diploma or equivalent,None
Highway maintenance workers,47-4051,High school diploma or equivalent,None
Rail-track laying and maintenance equipment operators,47-4061,High school diploma or equivalent,None
Septic tank servicers and sewer pipe cleaners,47-4071,High school diploma or equivalent,None
Miscellaneous construction and related workers,47-4090,High school diploma or equivalent,None
"Derrick operators, oil and gas",47-5011,No formal educational credential,None
"Rotary drill operators, oil and gas",47-5012,No formal educational credential,None
"Service unit operators, oil and gas",47-5013,No formal educational credential,None
"Excavating and loading machine and dragline operators, surface mining",47-5022,High school diploma or equivalent,Less than 5 years
"Earth drillers, except oil and gas",47-5023,High school diploma or equivalent,Less than 5 years
"Explosives workers, ordnance handling experts, and blasters",47-5032,High school diploma or equivalent,Less than 5 years
Continuous mining machine operators,47-5041,No formal educational credential,None
"Roof bolters, mining",47-5043,High school diploma or equivalent,None
"Loading and moving machine operators, underground mining",47-5044,No formal educational credential,None
"Underground mining machine operators, all other",47-5049,No formal educational credential,None
"Rock splitters, quarry",47-5051,No formal educational credential,None
"Roustabouts, oil and gas",47-5071,No formal educational credential,None
Helpers--extraction workers,47-5081,High school diploma or equivalent,None
"Extraction workers, all other",47-5099,High school diploma or equivalent,None
"First-line supervisors of mechanics, installers, and repairers",49-1011,High school diploma or equivalent,Less than 5 years
"Computer, automated teller, and office machine repairers",49-2011,"Some college, no degree",None
"Radio, cellular, and tower equipment installers and repairers",49-2021,Associate's degree,None
"Telecommunications equipment installers and repairers, except line installers",49-2022,Postsecondary nondegree award,None
Avionics technicians,49-2091,Postsecondary nondegree award,None
"Electric motor, power tool, and related repairers",49-2092,High school diploma or equivalent,Less than 5 years
"Electrical and electronics installers and repairers, transportation equipment",49-2093,Postsecondary nondegree award,None
"Electrical and electronics repairers, commercial and industrial equipment",49-2094,Postsecondary nondegree award,None
"Electrical and electronics repairers, powerhouse, substation, and relay",49-2095,Postsecondary nondegree award,Less than 5 years
"Electronic equipment installers and repairers, motor vehicles",49-2096,High school diploma or equivalent,None
Audiovisual equipment installers and repairers,49-2097,Postsecondary nondegree award,None
Security and fire alarm systems installers,49-2098,High school diploma or equivalent,None
Aircraft mechanics and service technicians,49-3011,Postsecondary nondegree award,None
Automotive body and related repairers,49-3021,High school diploma or equivalent,None
Automotive glass installers and repairers,49-3022,High school diploma or equivalent,None
Automotive service technicians and mechanics,49-3023,Postsecondary nondegree award,None
Bus and truck mechanics and diesel engine specialists,49-3031,High school diploma or equivalent,None
Farm equipment mechanics and service technicians,49-3041,High school diploma or equivalent,None
"Mobile heavy equipment mechanics, except engines",49-3042,High school diploma or equivalent,None
Rail car repairers,49-3043,High school diploma or equivalent,None
Motorboat mechanics and service technicians,49-3051,High school diploma or equivalent,None
Motorcycle mechanics,49-3052,Postsecondary nondegree award,None
Outdoor power equipment and other small engine mechanics,49-3053,High school diploma or equivalent,None
Bicycle repairers,49-3091,High school diploma or equivalent,None
Recreational vehicle service technicians,49-3092,High school diploma or equivalent,None
Tire repairers and changers,49-3093,High school diploma or equivalent,None
Mechanical door repairers,49-9011,High school diploma or equivalent,None
"Control and valve installers and repairers, except mechanical door",49-9012,High school diploma or equivalent,None
"Heating, air conditioning, and refrigeration mechanics and installers",49-9021,Postsecondary nondegree award,None
Home appliance repairers,49-9031,High school diploma or equivalent,None
Industrial machinery mechanics,49-9041,High school diploma or equivalent,None
"Maintenance workers, machinery",49-9043,High school diploma or equivalent,None
Millwrights,49-9044,High school diploma or equivalent,None
"Refractory materials repairers, except brickmasons",49-9045,High school diploma or equivalent,None
Electrical power-line installers and repairers,49-9051,High school diploma or equivalent,None
Telecommunications line installers and repairers,49-9052,High school diploma or equivalent,None
Camera and photographic equipment repairers,49-9061,High school diploma or equivalent,None
Medical equipment repairers,49-9062,Associate's degree,None
Musical instrument repairers and tuners,49-9063,High school diploma or equivalent,None
Watch and clock repairers,49-9064,High school diploma or equivalent,None
"Precision instrument and equipment repairers, all other",49-9069,High school diploma or equivalent,None
"Maintenance and repair workers, general",49-9071,High school diploma or equivalent,None
Wind turbine service technicians,49-9081,Postsecondary nondegree award,None
"Coin, vending, and amusement machine servicers and repairers",49-9091,High school diploma or equivalent,None
Commercial divers,49-9092,Postsecondary nondegree award,None
Locksmiths and safe repairers,49-9094,High school diploma or equivalent,None
Manufactured building and mobile home installers,49-9095,High school diploma or equivalent,None
Riggers,49-9096,High school diploma or equivalent,None
Signal and track switch repairers,49-9097,High school diploma or equivalent,None
"Helpers--installation, maintenance, and repair workers",49-9098,High school diploma or equivalent,None
"Installation, maintenance, and repair workers, all other",49-9099,High school diploma or equivalent,None
First-line supervisors of production and operating workers,51-1011,High school diploma or equivalent,Less than 5 years
"Aircraft structure, surfaces, rigging, and systems assemblers",51-2011,High school diploma or equivalent,None
"Coil winders, tapers, and finishers",51-2021,High school diploma or equivalent,None
"Electrical, electronic, and electromechanical assemblers, except coil winders, tapers, and finishers",51-2028,High school diploma or equivalent,None
Engine and other machine assemblers,51-2031,High school diploma or equivalent,None
Structural metal fabricators and fitters,51-2041,High school diploma or equivalent,None
Fiberglass laminators and fabricators,51-2051,High school diploma or equivalent,None
Timing device assemblers and adjusters,51-2061,High school diploma or equivalent,None
Miscellaneous assemblers and fabricators,51-2090,High school diploma or equivalent,None
Bakers,51-3011,No formal educational credential,None
Butchers and meat cutters,51-3021,No formal educational credential,None
"Meat, poultry, and fish cutters and trimmers",51-3022,No formal educational credential,None
Slaughterers and meat packers,51-3023,No formal educational credential,None
"Food and tobacco roasting, baking, and drying machine operators and tenders",51-3091,No formal educational credential,None
Food batchmakers,51-3092,High school diploma or equivalent,None
Food cooking machine operators and tenders,51-3093,High school diploma or equivalent,None
"Food processing workers, all other",51-3099,No formal educational credential,None
"Extruding and drawing machine setters, operators, and tenders, metal and plastic",51-4021,High school diploma or equivalent,None
"Forging machine setters, operators, and tenders, metal and plastic",51-4022,High school diploma or equivalent,None
"Rolling machine setters, operators, and tenders, metal and plastic",51-4023,High school diploma or equivalent,None
"Cutting, punching, and press machine setters, operators, and tenders, metal and plastic",51-4031,High school diploma or equivalent,None
"Drilling and boring machine tool setters, operators, and tenders, metal and plastic",51-4032,High school diploma or equivalent,None
"Grinding, lapping, polishing, and buffing machine tool setters, operators, and tenders, metal and plastic",51-4033,High school diploma or equivalent,None
"Lathe and turning machine tool setters, operators, and tenders, metal and plastic",51-4034,High school diploma or equivalent,None
"Milling and planing machine setters, operators, and tenders, metal and plastic",51-4035,High school diploma or equivalent,None
Machinists,51-4041,High school diploma or equivalent,None
Metal-refining furnace operators and tenders,51-4051,High school diploma or equivalent,None
"Pourers and casters, metal",51-4052,High school diploma or equivalent,None
"Model makers, metal and plastic",51-4061,High school diploma or equivalent,None
"Patternmakers, metal and plastic",51-4062,High school diploma or equivalent,None
Foundry mold and coremakers,51-4071,High school diploma or equivalent,None
"Molding, coremaking, and casting machine setters, operators, and tenders, metal and plastic",51-4072,High school diploma or equivalent,None
"Multiple machine tool setters, operators, and tenders, metal and plastic",51-4081,High school diploma or equivalent,None
Tool and die makers,51-4111,Postsecondary nondegree award,None
"Welders, cutters, solderers, and brazers",51-4121,High school diploma or equivalent,None
"Welding, soldering, and brazing machine setters, operators, and tenders",51-4122,High school diploma or equivalent,None
"Heat treating equipment setters, operators, and tenders, metal and plastic",51-4191,High school diploma or equivalent,None
"Layout workers, metal and plastic",51-4192,High school diploma or equivalent,None
"Plating machine setters, operators, and tenders, metal and plastic",51-4193,High school diploma or equivalent,None
"Tool grinders, filers, and sharpeners",51-4194,High school diploma or equivalent,None
"Metal workers and plastic workers, all other",51-4199,High school diploma or equivalent,None
Prepress technicians and workers,51-5111,Postsecondary nondegree award,None
Printing press operators,51-5112,High school diploma or equivalent,None
Print binding and finishing workers,51-5113,High school diploma or equivalent,None
Laundry and dry-cleaning workers,51-6011,No formal educational credential,None
"Pressers, textile, garment, and related materials",51-6021,No formal educational credential,None
Sewing machine operators,51-6031,No formal educational credential,None
Shoe and leather workers and repairers,51-6041,High school diploma or equivalent,None
Shoe machine operators and tenders,51-6042,High school diploma or equivalent,None
"Sewers, hand",51-6051,No formal educational credential,None
"Tailors, dressmakers, and custom sewers",51-6052,No formal educational credential,None
Textile bleaching and dyeing machine operators and tenders,51-6061,High school diploma or equivalent,None
"Textile cutting machine setters, operators, and tenders",51-6062,High school diploma or equivalent,None
"Textile knitting and weaving machine setters, operators, and tenders",51-6063,High school diploma or equivalent,None
"Textile winding, twisting, and drawing out machine setters, operators, and tenders",51-6064,High school diploma or equivalent,None
"Extruding and forming machine setters, operators, and tenders, synthetic and glass fibers",51-6091,High school diploma or equivalent,None
Fabric and apparel patternmakers,51-6092,High school diploma or equivalent,None
Upholsterers,51-6093,High school diploma or equivalent,None
"Textile, apparel, and furnishings workers, all other",51-6099,High school diploma or equivalent,None
Cabinetmakers and bench carpenters,51-7011,High school diploma or equivalent,None
Furniture finishers,51-7021,High school diploma or equivalent,None
"Model makers, wood",51-7031,High school diploma or equivalent,None
"Patternmakers, wood",51-7032,High school diploma or equivalent,None
"Sawing machine setters, operators, and tenders, wood",51-7041,High school diploma or equivalent,None
"Woodworking machine setters, operators, and tenders, except sawing",51-7042,High school diploma or equivalent,None
"Woodworkers, all other",51-7099,High school diploma or equivalent,None
Nuclear power reactor operators,51-8011,High school diploma or equivalent,None
Power distributors and dispatchers,51-8012,High school diploma or equivalent,None
Power plant operators,51-8013,High school diploma or equivalent,None
Stationary engineers and boiler operators,51-8021,High school diploma or equivalent,None
Water and wastewater treatment plant and system operators,51-8031,High school diploma or equivalent,None
Chemical plant and system operators,51-8091,High school diploma or equivalent,None
Gas plant operators,51-8092,High school diploma or equivalent,None
"Petroleum pump system operators, refinery operators, and gaugers",51-8093,High school diploma or equivalent,None
"Plant and system operators, all other",51-8099,High school diploma or equivalent,None
Chemical equipment operators and tenders,51-9011,High school diploma or equivalent,None
"Separating, filtering, clarifying, precipitating, and still machine setters, operators, and tenders",51-9012,High school diploma or equivalent,None
"Crushing, grinding, and polishing machine setters, operators, and tenders",51-9021,High school diploma or equivalent,None
"Grinding and polishing workers, hand",51-9022,No formal educational credential,None
"Mixing and blending machine setters, operators, and tenders",51-9023,High school diploma or equivalent,None
"Cutters and trimmers, hand",51-9031,No formal educational credential,None
"Cutting and slicing machine setters, operators, and tenders",51-9032,High school diploma or equivalent,None
"Extruding, forming, pressing, and compacting machine setters, operators, and tenders",51-9041,High school diploma or equivalent,None
"Furnace, kiln, oven, drier, and kettle operators and tenders",51-9051,High school diploma or equivalent,None
"Inspectors, testers, sorters, samplers, and weighers",51-9061,High school diploma or equivalent,None
Jewelers and precious stone and metal workers,51-9071,High school diploma or equivalent,None
Dental laboratory technicians,51-9081,High school diploma or equivalent,None
Medical appliance technicians,51-9082,High school diploma or equivalent,None
Ophthalmic laboratory technicians,51-9083,High school diploma or equivalent,None
Packaging and filling machine operators and tenders,51-9111,High school diploma or equivalent,None
"Painting, coating, and decorating workers",51-9123,No formal educational credential,None
"Coating, painting, and spraying machine setters, operators, and tenders",51-9124,High school diploma or equivalent,None
Semiconductor processing technicians,51-9141,High school diploma or equivalent,None
Photographic process workers and processing machine operators,51-9151,High school diploma or equivalent,None
Computer numerically controlled tool operators,51-9161,High school diploma or equivalent,None
Computer numerically controlled tool programmers,51-9162,Postsecondary nondegree award,None
Adhesive bonding machine operators and tenders,51-9191,High school diploma or equivalent,None
"Cleaning, washing, and metal pickling equipment operators and tenders",51-9192,High school diploma or equivalent,None
Cooling and freezing equipment operators and tenders,51-9193,High school diploma or equivalent,None
Etchers and engravers,51-9194,High school diploma or equivalent,None
"Molders, shapers, and casters, except metal and plastic",51-9195,High school diploma or equivalent,None
"Paper goods machine setters, operators, and tenders",51-9196,High school diploma or equivalent,None
Tire builders,51-9197,High school diploma or equivalent,None
Helpers--production workers,51-9198,High school diploma or equivalent,None
"Production workers, all other",51-9199,High school diploma or equivalent,None
Aircraft cargo handling supervisors,53-1041,High school diploma or equivalent,Less than 5 years
"First-line supervisors of transportation and material moving workers, except aircraft cargo handling supervisors",53-1047,High school diploma or equivalent,Less than 5 years
"Airline pilots, copilots, and flight engineers",53-2011,Bachelor's degree,Less than 5 years
Commercial pilots,53-2012,Postsecondary nondegree award,None
Air traffic controllers,53-2021,Associate's degree,None
Airfield operations specialists,53-2022,High school diploma or equivalent,None
Flight attendants,53-2031,High school diploma or equivalent,Less than 5 years
"Ambulance drivers and attendants, except emergency medical technicians",53-3011,High school diploma or equivalent,None
Driver/sales workers,53-3031,High school diploma or equivalent,None
Heavy and tractor-trailer truck drivers,53-3032,Postsecondary nondegree award,None
Light truck drivers,53-3033,High school diploma or equivalent,None
"Bus drivers, school",53-3051,High school diploma or equivalent,None
"Bus drivers, transit and intercity",53-3052,High school diploma or equivalent,None
Shuttle drivers and chauffeurs,53-3053,No formal educational credential,None
Taxi drivers,53-3054,No formal educational credential,None
"Motor vehicle operators, all other",53-3099,No formal educational credential,None
Locomotive engineers,53-4011,High school diploma or equivalent,Less than 5 years
"Rail yard engineers, dinkey operators, and hostlers",53-4013,High school diploma or equivalent,None
"Railroad brake, signal, and switch operators and locomotive firers",53-4022,High school diploma or equivalent,None
Railroad conductors and yardmasters,53-4031,High school diploma or equivalent,None
Subway and streetcar operators,53-4041,High school diploma or equivalent,None
"Rail transportation workers, all other",53-4099,High school diploma or equivalent,None
Sailors and marine oilers,53-5011,No formal educational credential,None
"Captains, mates, and pilots of water vessels",53-5021,Postsecondary nondegree award,Less than 5 years
Motorboat operators,53-5022,Postsecondary nondegree award,Less than 5 years
Ship engineers,53-5031,Postsecondary nondegree award,Less than 5 years
Bridge and lock tenders,53-6011,High school diploma or equivalent,None
Parking attendants,53-6021,No formal educational credential,None
Automotive and watercraft service attendants,53-6031,No formal educational credential,None
Aircraft service attendants,53-6032,High school diploma or equivalent,None
Traffic technicians,53-6041,High school diploma or equivalent,None
Transportation inspectors,53-6051,High school diploma or equivalent,None
Passenger attendants,53-6061,High school diploma or equivalent,None
"Transportation workers, all other",53-6099,High school diploma or equivalent,None
Conveyor operators and tenders,53-7011,No formal educational credential,None
Crane and tower operators,53-7021,High school diploma or equivalent,Less than 5 years
Dredge operators,53-7031,High school diploma or equivalent,None
Hoist and winch operators,53-7041,No formal educational credential,None
Industrial truck and tractor operators,53-7051,No formal educational credential,None
Cleaners of vehicles and equipment,53-7061,No formal educational credential,None
"Laborers and freight, stock, and material movers, hand",53-7062,No formal educational credential,None
Machine feeders and offbearers,53-7063,No formal educational credential,None
"Packers and packagers, hand",53-7064,No formal educational credential,None
Stockers and order fillers,53-7065,High school diploma or equivalent,None
Gas compressor and gas pumping station operators,53-7071,High school diploma or equivalent,None
"Pump operators, except wellhead pumpers",53-7072,High school diploma or equivalent,None
Wellhead pumpers,53-7073,High school diploma or equivalent,Less than 5 years
Refuse and recyclable material collectors,53-7081,No formal educational credential,None
"Tank car, truck, and ship loaders",53-7121,No formal educational credential,None
"Material moving workers, all other",53-7199,No formal educational credential,None
"Source: Employment Projections program, U.S. Bureau of Labor Statistics",,,
